id,name,description,intent
1,Top Funds,Top mutual funds are calculated by Bullsmart AI lab based on publicly available data from all mutual funds available in the Indian market.It is only for learning and research purposes and does not constitute to any investment advice.This data is updated daily.,Find the top mutual funds in the Indian market.
2,AI Rank,AI Rank is a fund screening tool powered by the Bullsmart AI lab. It is based on publicly available market data and should not be considered as any financial advise.,Use the fund screening tool to analyze funds.
3,Start with Rs 100 !,The Low Threshold Fund List is a list of equity funds with lower minimum investment amounts selected by Bullsmart based on AMC's public data. These funds are more friendly to novice users.,View equity funds with lower minimum investment amounts.
4,High Return,The list of high return funds is based on publicly available data from AMC. Bullsmart selects funds with high returns and better profitability than industry benchmarks based on their past earnings performance.,Explore funds with high returns and better profitability.
5,Long-term Profit,Long term Profit is a Bullsmart featured fund list.We search for funds that have been consistently profitable annually over the past 5 years based on publicly available data from AMC Corporation. They provide more sustainable returns compared to similar products.,Find funds with consistent annual profitability.
6,Most Popular,"Based on the recent growth rate of AUM and other market public data, we will calculate the most popular funds in the market in the near future through Big data.",Discover the most popular funds in the market.
7,Cost effective,Total Expense Ratio (TER) is the measure of the total costs or expenses in running a scheme. This measure is used by investors to compare the costs of the scheme with its peers and also in relation to the returns available from that scheme.,Compare the costs of different schemes.
8,Leading Benchmark,Leading Benchmark is based on the public Market data to screen the funds with the highest excess return rate in the same category in the market. These funds have shown significantly higher returns than the sub index in the past.,Identify funds with higher returns than the sub index.
9,Sector Leader,"Sector Leader is the largest fund under various categories in India, which is more trusted by investors and manages more assets.",View the largest funds under various categories in India.
10,Top Company,The funds in the Top Company focus on investing in the top listed companies in the Indian market.,Invest in funds focused on top listed companies.
11,MF Categories,MF Categories includes all categories of mutual funds. You can find various types of funds here,Explore various types of mutual funds.
12,Equity Funds,"An equity fund is a mutual fund scheme list that invests predominantly in equity stocks. In the Indian context, as per current SEBI Mutual Fund Regulations, an equity mutual fund scheme must invest at least 65% of the scheme's assets in equities and equity related instruments.",Invest in mutual funds that predominantly invest in equity stocks.
13,Hybrid Funds,"Hybrid Funds are mutual fund schemes list which invest in more than one asset class i.e. equity, debt and other asset classes depending on the investment objective of the scheme. These funds invest in a mix of different asset classes to diversify the portfolio with an aim to minimize the risk involved.",Diversify your portfolio with a mix of asset classes.
14,Debt Funds,"A debt fund is a mutual fund scheme list that invests in fixed income instruments, such as Corporate and Government Bonds, corporate debt securities, and money market instruments etc. that offer capital appreciation. Debt funds are also referred to as Income Funds or Bond Funds.",Invest in fixed income instruments for capital appreciation.
15,Big Cap Funds,Large cap mutual funds are equity funds that invest primarily in the top 100 companies of India,Invest in large cap companies of India.
16,Mid Cap Funds,Mid Cap Mutual Funds are equity funds that invest in the mid-sized companies of India.,Invest in mid-sized companies of India.
17,Small Cap Funds ,"As per current SEBI guidelines, Small Cap Equity Funds must invest at least 65% of their assets in Equity stocks of Small-Cap companies.",Invest in equity stocks of small-cap companies.
18,Tax Saving(ELSS) Funds,"ELSS Funds are a class of mutual funds that are eligible for tax deductions under the provisions of Section 80C of the Income Tax Act, 1961. These mutual funds are equity-oriented and invest up to 65% of their portfolio in instruments such as shares. Investing in ELSS funds is an excellent way of planning your future while saving on taxes. An ELSS fund gives you the dual benefit of tax deductions and wealth creation over time.",Save on taxes while planning for the future.
19,Liquid Funds,Liquid funds meaning debt mutual fund schemes which invest in debt or money market instruments that mature within 91 days. Liquid funds are money market mutual fund schemes in which you can park your surplus funds for few weeks to few months.,Park surplus funds in debt instruments maturing within 91 days.
20,All Funds,This includes all the mutual funds we can trade,View all available mutual funds.
21,Smart Redeem,"Smart Redeem is a facility where investors can redeem some liquid funds at any time and receive money instantly. The risk of incurring losses on these funds is negligible, but these funds are geared to deliver marginally steady and higher returns than your savings account interest rate.With Smart Redeem you can receive money within 30 minutes of redemption at no extra cost. Normally, if you redeem other funds, you have to wait for T+1-T+3 working days to receive the funds.These funds are suitable to earn a little extra on idle money lying in your bank account. You may invest the money in these funds that you have kept aside for emergency requirements or any surplus money that you don't need for a few days or a year.",Redeem liquid funds instantly with no extra cost.
22,Smart Nivesh,"In June 2023, Bullsmart released the Smart Nivesh feature. Smart Nivesh can help you design a healthy investment portfolio allocation plan based on your financial situation. You can use this feature by entering ""Smart Nivesh"" in Bullsmart's AI Services.We are a simple and intelligent process. You only need to input your basic financial information, and Smart Nivesh can help you calculate a healthy investment portfolio allocation plan.When building your investment portfolio, we will provide a list of funds based on different risk levels. You can build the most suitable investment portfolio based on your own judgment.",Get a portfolio allocation plan based on your financial situation.
23,Goal Planning,"GoalPlanning is a tool and calculator. It can help you plan your future and achieve your goals. For example, planning to buy a new car, planning to buy a new house, preparing for one's daughter's wedding, preparing tuition fees, living expenses, or providing a retirement reserve fund. We have various calculators to help you plan your dreams.
GoalPlanning will ask how much rupees your goal will cost and how long you want to spend to achieve it. Then, based on your target plan and referring to India's inflation rate, calculate how much money you need to invest through SIP and one-time investment based on your expected return on investment. GoalPlanning can help you clearly understand what efforts you need to make towards your goals.",Plan and achieve your financial goals.
24,MF Filter,"By using the MF Filter tool, you can query a list of eligible funds based on AUM, CAGR, AMC, and other information.
You can use MF Filter to discover more excellent funds and monitor the existing fund list. In order to identify better investment opportunities and control the buying timing.
You can click the MF Filter button on the fund market page to enter the MF Filter function. Then you can enter the indicator parameters you want to filter according to your own needs. Finally, click submit and you will see the query results. You can directly invest in these funds or collect them in sequence","Filter funds based on AUM, CAGR, AMC, and more."
25,Return Calculator,Investing for the future? Use this investment calculator to estimate how your contributions and returns may grow over time.,Estimate how your investments may grow over time.
26,Financial Calculator,A financial calculator can help you calculate the investment amount based on your personal financial goals,Calculate your investment amount for personal financial goals.
27,Investing Personally Quiz,The Investor Personality Quiz asks the same personality questions as the survey. It then calculates the scores of quiz-takers on each personality trait and sorts them into one of the five personality types.Each personality is defined by an approach to investing and working with an advisor that showed up in the research. The quiz results give an overview of the strengths and weaknesses of each personality in terms of investing. We round this out with videos and other tools that can help people of all personalities become smarter investors.,Identify your investing personality type.
28,Daily,This report is a daily update on the latest developments in the Indian fund market.,Get daily updates on the Indian fund market.
29,Weekly,This report is a weekly update on the latest developments in the Indian fund market.,Get weekly updates on the Indian fund market.
30,Monthly,This report is a monthly update on the latest developments in the Indian fund market.,Get monthly updates on the Indian fund market.